-- -------------------------------------------------------------
-- TablePlus 3.12.8(368)
--
-- https://tableplus.com/
--
-- Database: petbbs
-- Generation Time: 2021-06-11 18:01:45.6590
-- -------------------------------------------------------------


/*!40101 SET @OLD_CHARACTER_SET_CLIENT=@@CHARACTER_SET_CLIENT */;
/*!40101 SET @OLD_CHARACTER_SET_RESULTS=@@CHARACTER_SET_RESULTS */;
/*!40101 SET @OLD_COLLATION_CONNECTION=@@COLLATION_CONNECTION */;
/*!40101 SET NAMES utf8mb4 */;
/*!40014 SET @OLD_UNIQUE_CHECKS=@@UNIQUE_CHECKS, UNIQUE_CHECKS=0 */;
/*!40014 SET @OLD_FOREIGN_KEY_CHECKS=@@FOREIGN_KEY_CHECKS, FOREIGN_KEY_CHECKS=0 */;
/*!40101 SET @OLD_SQL_MODE=@@SQL_MODE, SQL_MODE='NO_AUTO_VALUE_ON_ZERO' */;
/*!40111 SET @OLD_SQL_NOTES=@@SQL_NOTES, SQL_NOTES=0 */;


DROP TABLE IF EXISTS `qiniu_config`;
CREATE TABLE `qiniu_config` (
  `name` varchar(255) COLLATE utf8mb4_unicode_ci NOT NULL,
  `accesskey` varchar(255) COLLATE utf8mb4_unicode_ci NOT NULL,
  `secretkey` varchar(255) COLLATE utf8mb4_unicode_ci NOT NULL,
  `bucket` varchar(255) COLLATE utf8mb4_unicode_ci NOT NULL,
  `host` varchar(255) COLLATE utf8mb4_unicode_ci NOT NULL,
  `usessl` bit(1) NOT NULL
) ENGINE=InnoDB DEFAULT CHARSET=utf8mb4 COLLATE=utf8mb4_unicode_ci ROW_FORMAT=DYNAMIC;

DROP TABLE IF EXISTS `sys_billboard`;
CREATE TABLE `sys_billboard` (
  `id` int(11) NOT NULL AUTO_INCREMENT,
  `content` varchar(255) COLLATE utf8mb4_unicode_ci NOT NULL,
  `create_time` datetime NOT NULL,
  `state` bit(1) NOT NULL,
  PRIMARY KEY (`id`) USING BTREE
) ENGINE=InnoDB AUTO_INCREMENT=2 DEFAULT CHARSET=utf8mb4 COLLATE=utf8mb4_unicode_ci ROW_FORMAT=DYNAMIC;

DROP TABLE IF EXISTS `sys_collect`;
CREATE TABLE `sys_collect` (
  `id` int(11) NOT NULL AUTO_INCREMENT,
  `post_id` varchar(20) COLLATE utf8mb4_unicode_ci NOT NULL,
  `user_id` varchar(20) COLLATE utf8mb4_unicode_ci NOT NULL,
  `create_time` datetime NOT NULL,
  PRIMARY KEY (`id`) USING BTREE,
  KEY `user_id` (`user_id`) USING BTREE,
  KEY `post_id` (`post_id`) USING BTREE
) ENGINE=InnoDB AUTO_INCREMENT=4 DEFAULT CHARSET=utf8mb4 COLLATE=utf8mb4_unicode_ci ROW_FORMAT=DYNAMIC;

DROP TABLE IF EXISTS `sys_comment`;
CREATE TABLE `sys_comment` (
  `id` varchar(20) COLLATE utf8mb4_unicode_ci NOT NULL,
  `post_id` varchar(20) COLLATE utf8mb4_unicode_ci NOT NULL,
  `user_id` varchar(20) COLLATE utf8mb4_unicode_ci NOT NULL,
  `content` text COLLATE utf8mb4_unicode_ci NOT NULL,
  `create_time` datetime NOT NULL,
  PRIMARY KEY (`id`) USING BTREE,
  KEY `post_id` (`post_id`) USING BTREE,
  KEY `user_id` (`user_id`) USING BTREE,
  KEY `create_time` (`create_time`) USING BTREE
) ENGINE=InnoDB DEFAULT CHARSET=utf8mb4 COLLATE=utf8mb4_unicode_ci ROW_FORMAT=DYNAMIC;

DROP TABLE IF EXISTS `sys_comment_quote`;
CREATE TABLE `sys_comment_quote` (
  `id` int(11) NOT NULL AUTO_INCREMENT,
  `comment_id` varchar(20) COLLATE utf8mb4_unicode_ci NOT NULL,
  `quote_id` varchar(20) COLLATE utf8mb4_unicode_ci NOT NULL,
  PRIMARY KEY (`id`) USING BTREE,
  KEY `comment_id` (`comment_id`) USING BTREE,
  KEY `quote_id` (`quote_id`) USING BTREE
) ENGINE=InnoDB AUTO_INCREMENT=11 DEFAULT CHARSET=utf8mb4 COLLATE=utf8mb4_unicode_ci ROW_FORMAT=DYNAMIC;

DROP TABLE IF EXISTS `sys_config`;
CREATE TABLE `sys_config` (
  `id` int(11) NOT NULL AUTO_INCREMENT,
  `item` varchar(255) COLLATE utf8mb4_unicode_ci NOT NULL,
  `value` varchar(255) COLLATE utf8mb4_unicode_ci NOT NULL,
  PRIMARY KEY (`id`) USING BTREE,
  KEY `item` (`item`) USING BTREE
) ENGINE=InnoDB AUTO_INCREMENT=13 DEFAULT CHARSET=utf8mb4 COLLATE=utf8mb4_unicode_ci ROW_FORMAT=DYNAMIC;

DROP TABLE IF EXISTS `sys_follow`;
CREATE TABLE `sys_follow` (
  `id` int(11) NOT NULL,
  `user_id` varchar(20) COLLATE utf8mb4_unicode_ci NOT NULL,
  `follow_id` varchar(20) COLLATE utf8mb4_unicode_ci NOT NULL,
  PRIMARY KEY (`id`) USING BTREE,
  KEY `user_id` (`user_id`) USING BTREE,
  KEY `follow_id` (`follow_id`) USING BTREE
) ENGINE=InnoDB DEFAULT CHARSET=utf8mb4 COLLATE=utf8mb4_unicode_ci ROW_FORMAT=DYNAMIC;

DROP TABLE IF EXISTS `sys_friend_link`;
CREATE TABLE `sys_friend_link` (
  `id` int(11) NOT NULL AUTO_INCREMENT,
  `title` varchar(255) COLLATE utf8mb4_unicode_ci NOT NULL,
  `link` varchar(255) COLLATE utf8mb4_unicode_ci NOT NULL,
  `icon` varchar(255) COLLATE utf8mb4_unicode_ci NOT NULL,
  `state` bit(1) NOT NULL,
  PRIMARY KEY (`id`) USING BTREE
) ENGINE=InnoDB AUTO_INCREMENT=4 DEFAULT CHARSET=utf8mb4 COLLATE=utf8mb4_unicode_ci ROW_FORMAT=DYNAMIC;

DROP TABLE IF EXISTS `sys_notify`;
CREATE TABLE `sys_notify` (
  `id` varchar(20) COLLATE utf8mb4_unicode_ci NOT NULL,
  `user_id` varchar(20) COLLATE utf8mb4_unicode_ci NOT NULL,
  `content` varchar(255) COLLATE utf8mb4_unicode_ci NOT NULL,
  `remark` varchar(255) COLLATE utf8mb4_unicode_ci DEFAULT NULL,
  `state` bit(1) NOT NULL,
  `create_time` datetime NOT NULL,
  PRIMARY KEY (`id`) USING BTREE,
  KEY `user_id` (`user_id`) USING BTREE
) ENGINE=InnoDB DEFAULT CHARSET=utf8mb4 COLLATE=utf8mb4_unicode_ci ROW_FORMAT=DYNAMIC;

DROP TABLE IF EXISTS `sys_photo`;
CREATE TABLE `sys_photo` (
  `id` varchar(20) COLLATE utf8mb4_unicode_ci NOT NULL,
  `photo` varchar(255) COLLATE utf8mb4_unicode_ci NOT NULL,
  `content` varchar(255) COLLATE utf8mb4_unicode_ci NOT NULL,
  `user_id` varchar(20) COLLATE utf8mb4_unicode_ci NOT NULL,
  `comments` int(11) NOT NULL,
  `view` int(11) NOT NULL,
  `good` int(11) NOT NULL,
  `create_time` datetime NOT NULL,
  PRIMARY KEY (`id`) USING BTREE,
  KEY `user_id` (`user_id`) USING BTREE,
  KEY `photo` (`photo`) USING BTREE,
  KEY `create_time` (`create_time`) USING BTREE
) ENGINE=InnoDB DEFAULT CHARSET=utf8mb4 COLLATE=utf8mb4_unicode_ci ROW_FORMAT=DYNAMIC;

DROP TABLE IF EXISTS `sys_post`;
CREATE TABLE `sys_post` (
  `id` varchar(20) COLLATE utf8mb4_unicode_ci NOT NULL,
  `title` varchar(255) COLLATE utf8mb4_unicode_ci NOT NULL,
  `content` longtext COLLATE utf8mb4_unicode_ci,
  `user_id` varchar(20) COLLATE utf8mb4_unicode_ci NOT NULL,
  `comments` int(11) NOT NULL,
  `collects` int(11) NOT NULL,
  `view` int(11) NOT NULL,
  `top` bit(1) NOT NULL,
  `essence` bit(1) NOT NULL,
  `section_id` int(11) NOT NULL DEFAULT '0',
  `create_time` datetime NOT NULL,
  `modify_time` datetime DEFAULT NULL,
  PRIMARY KEY (`id`) USING BTREE,
  UNIQUE KEY `title` (`title`) USING BTREE,
  KEY `user_id` (`user_id`) USING BTREE,
  KEY `create_time` (`create_time`) USING BTREE
) ENGINE=InnoDB DEFAULT CHARSET=utf8mb4 COLLATE=utf8mb4_unicode_ci ROW_FORMAT=DYNAMIC;

DROP TABLE IF EXISTS `sys_post_tag`;
CREATE TABLE `sys_post_tag` (
  `id` int(11) NOT NULL AUTO_INCREMENT,
  `tag_id` varchar(20) COLLATE utf8mb4_unicode_ci NOT NULL,
  `post_id` varchar(20) COLLATE utf8mb4_unicode_ci NOT NULL,
  PRIMARY KEY (`id`) USING BTREE,
  KEY `tag_id` (`tag_id`) USING BTREE,
  KEY `post_id` (`post_id`) USING BTREE
) ENGINE=InnoDB AUTO_INCREMENT=30 DEFAULT CHARSET=utf8mb4 COLLATE=utf8mb4_unicode_ci ROW_FORMAT=DYNAMIC;

DROP TABLE IF EXISTS `sys_role`;
CREATE TABLE `sys_role` (
  `id` int(11) NOT NULL,
  `name` varchar(255) COLLATE utf8mb4_unicode_ci NOT NULL,
  `remark` varchar(255) COLLATE utf8mb4_unicode_ci NOT NULL,
  PRIMARY KEY (`id`) USING BTREE,
  UNIQUE KEY `name` (`name`) USING BTREE
) ENGINE=InnoDB DEFAULT CHARSET=utf8mb4 COLLATE=utf8mb4_unicode_ci ROW_FORMAT=DYNAMIC;

DROP TABLE IF EXISTS `sys_section`;
CREATE TABLE `sys_section` (
  `id` int(11) NOT NULL AUTO_INCREMENT,
  `title` varchar(100) COLLATE utf8mb4_unicode_ci NOT NULL,
  `user_id` varchar(20) COLLATE utf8mb4_unicode_ci NOT NULL,
  `description` varchar(255) COLLATE utf8mb4_unicode_ci NOT NULL,
  `thumbnail` varchar(255) COLLATE utf8mb4_unicode_ci NOT NULL,
  `state` bit(1) NOT NULL,
  PRIMARY KEY (`id`) USING BTREE,
  UNIQUE KEY `title` (`title`) USING BTREE
) ENGINE=InnoDB AUTO_INCREMENT=3 DEFAULT CHARSET=utf8mb4 COLLATE=utf8mb4_unicode_ci ROW_FORMAT=DYNAMIC;

DROP TABLE IF EXISTS `sys_sensitive_word`;
CREATE TABLE `sys_sensitive_word` (
  `id` int(11) NOT NULL AUTO_INCREMENT,
  `word` varchar(255) COLLATE utf8mb4_unicode_ci NOT NULL,
  PRIMARY KEY (`id`) USING BTREE
) ENGINE=InnoDB AUTO_INCREMENT=20 DEFAULT CHARSET=utf8mb4 COLLATE=utf8mb4_unicode_ci ROW_FORMAT=DYNAMIC;

DROP TABLE IF EXISTS `sys_tag`;
CREATE TABLE `sys_tag` (
  `id` varchar(20) COLLATE utf8mb4_unicode_ci NOT NULL,
  `name` varchar(255) COLLATE utf8mb4_unicode_ci NOT NULL,
  `post_count` int(11) NOT NULL,
  PRIMARY KEY (`id`) USING BTREE,
  UNIQUE KEY `name` (`name`) USING BTREE
) ENGINE=InnoDB DEFAULT CHARSET=utf8mb4 COLLATE=utf8mb4_unicode_ci ROW_FORMAT=DYNAMIC;

DROP TABLE IF EXISTS `sys_user`;
CREATE TABLE `sys_user` (
  `id` varchar(20) COLLATE utf8mb4_unicode_ci NOT NULL,
  `username` varchar(15) COLLATE utf8mb4_unicode_ci NOT NULL,
  `alias` varchar(20) COLLATE utf8mb4_unicode_ci DEFAULT NULL,
  `password` varchar(100) COLLATE utf8mb4_unicode_ci NOT NULL,
  `avatar` varchar(255) COLLATE utf8mb4_unicode_ci DEFAULT NULL,
  `email` varchar(255) COLLATE utf8mb4_unicode_ci NOT NULL,
  `mobile` varchar(12) COLLATE utf8mb4_unicode_ci DEFAULT NULL,
  `score` int(11) NOT NULL,
  `token` varchar(255) COLLATE utf8mb4_unicode_ci DEFAULT NULL,
  `bio` varchar(255) COLLATE utf8mb4_unicode_ci DEFAULT NULL,
  `active` bit(1) NOT NULL,
  `status` bit(1) NOT NULL,
  `role_id` int(11) DEFAULT NULL,
  `create_time` datetime NOT NULL,
  `modify_time` datetime DEFAULT NULL,
  PRIMARY KEY (`id`) USING BTREE,
  UNIQUE KEY `user_name` (`username`) USING BTREE,
  KEY `user_email` (`email`) USING BTREE,
  KEY `user_create_time` (`create_time`) USING BTREE
) ENGINE=InnoDB DEFAULT CHARSET=utf8mb4 COLLATE=utf8mb4_unicode_ci ROW_FORMAT=DYNAMIC;

INSERT INTO `qiniu_config` (`name`, `accesskey`, `secretkey`, `bucket`, `host`, `usessl`) VALUES
('config', 'lEp0tbLsabdwizjsCsFLysVqd1Yeym5Qi4iO94fN', 'efmz1J2ZSd7VexIi4xKkaE-_zxOz4DCqUcwIuL75', 'petbbs', 'demo.nya.run', b'0');

INSERT INTO `sys_billboard` (`id`, `content`, `create_time`, `state`) VALUES
(1, '欢迎大家来到宠圈🎉🎉', '2021-05-27 02:48:43', b'1');

INSERT INTO `sys_collect` (`id`, `post_id`, `user_id`, `create_time`) VALUES
(1, '1397564299449786370', '1397562876209192961', '2021-05-26 15:06:14'),
(2, '1397564299449786370', '1397744556937105409', '2021-05-27 02:45:52'),
(3, '1397746878610198529', '1349290158897311745', '2021-05-27 07:45:35');

INSERT INTO `sys_comment` (`id`, `post_id`, `user_id`, `content`, `create_time`) VALUES
('1397724621737353218', '1397564299449786370', '1349290158897311745', '可愛い過ぎる！！！', '2021-05-27 01:21:33'),
('1397743064536633345', '1397564299449786370', '1397564909972676609', '鸭鸭好可爱！！！', '2021-05-27 02:34:50'),
('1397743090096721921', '1397564299449786370', '1397564909972676609', '+1', '2021-05-27 02:34:56'),
('1397746015544070145', '1397564299449786370', '1397744556937105409', '冲鸭！！！', '2021-05-27 02:46:34'),
('1397749761028161537', '1397564299449786370', '1397747715877142529', '冲冲冲！', '2021-05-27 03:01:27'),
('1397751950408712194', '1397564299449786370', '1349290158897311745', '冲鸭！！！', '2021-05-27 03:10:09'),
('1397752863600967682', '1397746878610198529', '1349290158897311745', '请大家都遵守规则哦～❤️', '2021-05-27 03:13:46'),
('1397753040999055361', '1397746878610198529', '1397747715877142529', '遵守规则，从我做起🌟', '2021-05-27 03:14:29'),
('1397765992498102273', '1397746878610198529', '1397562876209192961', '+10086', '2021-05-27 04:05:57'),
('1397767911438319617', '1397767857344380929', '1397747715877142529', '明目张胆找鸭子🦆', '2021-05-27 04:13:34'),
('1397768023954718722', '1397767857344380929', '1349290158897311745', '“在美食视频下说残忍，在宠物视频下说美味。”夺🗡️哪有些人', '2021-05-27 04:14:01'),
('1397768076630982658', '1397767857344380929', '1349290158897311745', '像面团一样，撸一下向上蹿一下。', '2021-05-27 04:14:13'),
('1397768253739663362', '1397767857344380929', '1397744556937105409', '鸭子胸摸起来手感真是超级舒服！', '2021-05-27 04:14:56'),
('1397769161571598337', '1397767857344380929', '1397744556937105409', '口水不争气的流了出来ww', '2021-05-27 04:18:32'),
('1397769906790367233', '1397767857344380929', '1397564909972676609', '一直挺好奇，鸭子的智商有多高', '2021-05-27 04:21:30'),
('1397769972787740674', '1397767857344380929', '1397564909972676609', '软fufu的看起来好舒服❤️', '2021-05-27 04:21:45'),
('1397770070678601730', '1397767857344380929', '1397744556937105409', '我智商很高', '2021-05-27 04:22:09'),
('1397770312480227330', '1397767857344380929', '1397562876209192961', '流氓🐶', '2021-05-27 04:23:06'),
('1397770361822019585', '1397767857344380929', '1397562876209192961', '去科尔鸭店撸过，很丝滑\n顺便当时整个店就我是独自一个大男人坐在那撸鸭…\n一个社畜大叔独自撸鸭的画面，越想越喜感', '2021-05-27 04:23:18'),
('1397770501043552257', '1397767857344380929', '1349290158897311745', '确实哈哈哈哈哈哈哈哈', '2021-05-27 04:23:51'),
('1397779218552094721', '1397779069159374849', '1349290158897311745', '不是你运气好，是叮叮不眠不休，黑眼圈都出来了，特别细心得照顾柠檬，真的好可爱呀，以后就有新的小伙伴了🌟', '2021-05-27 04:58:30'),
('1397781512752496642', '1397780884441563137', '1397744556937105409', '静置14个小时了，气室没啥变化，入孵', '2021-05-27 05:07:37'),
('1397781592704319489', '1397780884441563137', '1397744556937105409', '妈呀，第二天，隐约可见的胚胎', '2021-05-27 05:07:56'),
('1397781722786463745', '1397780884441563137', '1349290158897311745', '你别天天照，会容易死胚哦', '2021-05-27 05:08:27'),
('1397788254584459265', '1397780884441563137', '1397747715877142529', '加油ww', '2021-05-27 05:34:24'),
('1397790701876957185', '1397790436859858946', '1349290158897311745', '我好爱ww', '2021-05-27 05:44:08');

INSERT INTO `sys_comment_quote` (`id`, `comment_id`, `quote_id`) VALUES
(1, '1397743090096721921', '1397724621737353218'),
(2, '1397749761028161537', '1397746015544070145'),
(3, '1397751950408712194', '1397746015544070145'),
(4, '1397765992498102273', '1397753040999055361'),
(5, '1397768076630982658', '1397768023954718722'),
(6, '1397769161571598337', '1397767911438319617'),
(7, '1397770070678601730', '1397769906790367233'),
(8, '1397770312480227330', '1397768253739663362'),
(9, '1397770501043552257', '1397770361822019585'),
(10, '1397781722786463745', '1397781592704319489');

INSERT INTO `sys_config` (`id`, `item`, `value`) VALUES
(1, 'site_title', '宠圈'),
(2, 'site_logo', 'http://demo.nya.run/FtDW5Cfvce1QRddxKtsi1G4SYklI'),
(3, 'site_domain', 'bbs.nya.run:8000'),
(4, 'site_beian', '浙 ICP 备 20009930 号'),
(5, 'site_side_ad', '<img src=\"https://ss2.bdstatic.com/70cFvnSh_Q1YnxGkpoWK1HF6hhy/it/u=509611184,191799630&fm=224&gp=0.jpg\" />'),
(6, 'mail_from', '860638556@qq.com'),
(7, 'mail_user', '860638556'),
(8, 'mail_pass', 'lkovdrjkonanbahg'),
(9, 'mail_host', 'smtp.qq.com'),
(10, 'mail_port', '465'),
(11, 'mail_ssl', 'yes'),
(12, 'site_banner', '<a href=\"\" target=\"_blank\"><img src=\"http://demo.nya.run/banner3.jpg\" alt=\"快来领养你的宠物吧！\" /></a>');

INSERT INTO `sys_friend_link` (`id`, `title`, `link`, `icon`, `state`) VALUES
(1, 'V2EX', 'https://v2ex.com', 'http://demo.nya.run/FpNmg--c4sH9i67YtTnFUKg9OEAn', b'1'),
(2, 'DigitalOcean', 'https://www.digitalocean.com', 'http://demo.nya.run/FvtdatqPk0TeyxgSh3qy3ESGdVy0', b'0'),
(3, '宠我网', 'http://www.petovo.com', 'http://demo.nya.run/FmYxal2-8fgHtiNY0zddU_HD9n17', b'1');

INSERT INTO `sys_notify` (`id`, `user_id`, `content`, `remark`, `state`, `create_time`) VALUES
('1397568192099442690', '1397562876209192961', '您的专栏 狗狗指南🧭 已开始启用了哦！', 'sections/1', b'0', '2021-05-26 14:59:57'),
('1397724621825433602', '1397562876209192961', '有人评论了你的话题 《接回来一只柯尔鸭》 哦！', 'post/1397564299449786370', b'0', '2021-05-27 01:21:33'),
('1397730085430685697', '1397564909972676609', '您的专栏 养龟手记📝 已开始启用了哦！', 'sections/2', b'0', '2021-05-27 01:43:16'),
('1397740930713833474', '1349290158897311745', '您的话题 视频嵌入 已被删除了哦！', 'post/1335149981733449729', b'0', '2021-05-27 02:26:21'),
('1397743064633102338', '1397562876209192961', '有人评论了你的话题 《接回来一只柯尔鸭》 哦！', 'post/1397564299449786370', b'0', '2021-05-27 02:34:50'),
('1397743090239328257', '1349290158897311745', '有人回复了你哦！', 'post/1397564299449786370', b'0', '2021-05-27 02:34:56'),
('1397743090323214337', '1397562876209192961', '有人评论了你的话题 《接回来一只柯尔鸭》 哦！', 'post/1397564299449786370', b'0', '2021-05-27 02:34:56'),
('1397746015619567618', '1397562876209192961', '有人评论了你的话题 《接回来一只柯尔鸭》 哦！', 'post/1397564299449786370', b'1', '2021-05-27 02:46:34'),
('1397746931131273217', '1349290158897311745', '您的话题 宠圈删帖准则，请遵守 已被置顶了哦！', 'post/1397746878610198529', b'0', '2021-05-27 02:50:12'),
('1397746938345476097', '1349290158897311745', '您的话题 宠圈删帖准则，请遵守 已被加精了哦！', 'post/1397746878610198529', b'0', '2021-05-27 02:50:14'),
('1397749761112047618', '1397744556937105409', '有人回复了你哦！', 'post/1397564299449786370', b'1', '2021-05-27 03:01:27'),
('1397749761208516609', '1397562876209192961', '有人评论了你的话题 《接回来一只柯尔鸭》 哦！', 'post/1397564299449786370', b'1', '2021-05-27 03:01:27'),
('1397751950463238145', '1397744556937105409', '有人回复了你哦！', 'post/1397564299449786370', b'1', '2021-05-27 03:10:09'),
('1397751950538735617', '1397562876209192961', '有人评论了你的话题 《接回来一只柯尔鸭》 哦！', 'post/1397564299449786370', b'1', '2021-05-27 03:10:09'),
('1397752716171182081', '1397562876209192961', '您的话题 接回来一只柯尔鸭 已被加精了哦！', 'post/1397564299449786370', b'1', '2021-05-27 03:13:11'),
('1397752863697436673', '1349290158897311745', '有人评论了你的话题 《宠圈删帖准则，请遵守》 哦！', 'post/1397746878610198529', b'0', '2021-05-27 03:13:46'),
('1397753041082941441', '1349290158897311745', '有人评论了你的话题 《宠圈删帖准则，请遵守》 哦！', 'post/1397746878610198529', b'1', '2021-05-27 03:14:29'),
('1397765992556822530', '1397747715877142529', '有人回复了你哦！', 'post/1397746878610198529', b'1', '2021-05-27 04:05:57'),
('1397765992636514306', '1349290158897311745', '有人评论了你的话题 《宠圈删帖准则，请遵守》 哦！', 'post/1397746878610198529', b'1', '2021-05-27 04:05:57'),
('1397767911555760130', '1397747715877142529', '有人评论了你的话题 《干净顺滑的柯尔鸭，手感特别好》 哦！', 'post/1397767857344380929', b'1', '2021-05-27 04:13:34'),
('1397768024059576321', '1397747715877142529', '有人评论了你的话题 《干净顺滑的柯尔鸭，手感特别好》 哦！', 'post/1397767857344380929', b'1', '2021-05-27 04:14:01'),
('1397768076693897218', '1349290158897311745', '有人回复了你哦！', 'post/1397767857344380929', b'1', '2021-05-27 04:14:13'),
('1397768076773588994', '1397747715877142529', '有人评论了你的话题 《干净顺滑的柯尔鸭，手感特别好》 哦！', 'post/1397767857344380929', b'1', '2021-05-27 04:14:13'),
('1397768253836132353', '1397747715877142529', '有人评论了你的话题 《干净顺滑的柯尔鸭，手感特别好》 哦！', 'post/1397767857344380929', b'1', '2021-05-27 04:14:56'),
('1397769161638707202', '1397747715877142529', '有人回复了你哦！', 'post/1397767857344380929', b'1', '2021-05-27 04:18:32'),
('1397769161718398977', '1397747715877142529', '有人评论了你的话题 《干净顺滑的柯尔鸭，手感特别好》 哦！', 'post/1397767857344380929', b'1', '2021-05-27 04:18:32'),
('1397769906865864705', '1397747715877142529', '有人评论了你的话题 《干净顺滑的柯尔鸭，手感特别好》 哦！', 'post/1397767857344380929', b'1', '2021-05-27 04:21:30'),
('1397769972875821057', '1397747715877142529', '有人评论了你的话题 《干净顺滑的柯尔鸭，手感特别好》 哦！', 'post/1397767857344380929', b'1', '2021-05-27 04:21:46'),
('1397770070749904898', '1397564909972676609', '有人回复了你哦！', 'post/1397767857344380929', b'1', '2021-05-27 04:22:09'),
('1397770070833790977', '1397747715877142529', '有人评论了你的话题 《干净顺滑的柯尔鸭，手感特别好》 哦！', 'post/1397767857344380929', b'1', '2021-05-27 04:22:09'),
('1397770312547336194', '1397744556937105409', '有人回复了你哦！', 'post/1397767857344380929', b'1', '2021-05-27 04:23:06'),
('1397770312643805185', '1397747715877142529', '有人评论了你的话题 《干净顺滑的柯尔鸭，手感特别好》 哦！', 'post/1397767857344380929', b'1', '2021-05-27 04:23:07'),
('1397770361914294274', '1397747715877142529', '有人评论了你的话题 《干净顺滑的柯尔鸭，手感特别好》 哦！', 'post/1397767857344380929', b'1', '2021-05-27 04:23:18'),
('1397770501114855425', '1397562876209192961', '有人回复了你哦！', 'post/1397767857344380929', b'1', '2021-05-27 04:23:51'),
('1397770501211324417', '1397747715877142529', '有人评论了你的话题 《干净顺滑的柯尔鸭，手感特别好》 哦！', 'post/1397767857344380929', b'1', '2021-05-27 04:23:51'),
('1397770583675535362', '1397747715877142529', '您的话题 干净顺滑的柯尔鸭，手感特别好 已被加精了哦！', 'post/1397767857344380929', b'1', '2021-05-27 04:24:11'),
('1397779218640175105', '1397744556937105409', '有人评论了你的话题 《26天，我们成功孵化一颗800块的蛋》 哦！', 'post/1397779069159374849', b'1', '2021-05-27 04:58:30'),
('1397781512874131457', '1397744556937105409', '有人评论了你的话题 《新的蛋到啦，从头再来！希望这次能顺利》 哦！', 'post/1397780884441563137', b'1', '2021-05-27 05:07:37'),
('1397781550337654785', '1397744556937105409', '有人评论了你的话题 《新的蛋到啦，从头再来！希望这次能顺利》 哦！', 'post/1397780884441563137', b'1', '2021-05-27 05:07:46'),
('1397781592784011265', '1397744556937105409', '有人评论了你的话题 《新的蛋到啦，从头再来！希望这次能顺利》 哦！', 'post/1397780884441563137', b'1', '2021-05-27 05:07:56'),
('1397781722849378306', '1397744556937105409', '有人回复了你哦！', 'post/1397780884441563137', b'1', '2021-05-27 05:08:27'),
('1397781722937458690', '1397744556937105409', '有人评论了你的话题 《新的蛋到啦，从头再来！希望这次能顺利》 哦！', 'post/1397780884441563137', b'1', '2021-05-27 05:08:27'),
('1397785724697825282', '1397744556937105409', '有人评论了你的话题 《新的蛋到啦，从头再来！希望这次能顺利》 哦！', 'post/1397780884441563137', b'1', '2021-05-27 05:24:21'),
('1397785966868549633', '1397744556937105409', '有人评论了你的话题 《新的蛋到啦，从头再来！希望这次能顺利》 哦！', 'post/1397780884441563137', b'1', '2021-05-27 05:25:19'),
('1397788254706094081', '1397744556937105409', '有人评论了你的话题 《新的蛋到啦，从头再来！希望这次能顺利》 哦！', 'post/1397780884441563137', b'1', '2021-05-27 05:34:24'),
('1397790701973426178', '1397788502706900994', '有人评论了你的话题 《活泼可爱的英短妹妹 你爱了吗！》 哦！', 'post/1397790436859858946', b'1', '2021-05-27 05:44:08'),
('1397913733920456705', '1349290158897311745', '您的话题 测试 已被删除了哦！', 'post/1397912557401518081', b'1', '2021-05-27 13:53:01'),
('1397913865399304193', '1349290158897311745', '您的话题 公告测试 已被删除了哦！', 'post/1397913820688023554', b'1', '2021-05-27 13:53:32'),
('1398899622997950466', '1349290158897311745', '有人点赞了你的照片哦！', 'photos/1397752434964070401', b'1', '2021-05-30 07:10:35'),
('1398900338269388802', '1397562876209192961', '有人点赞了你的照片哦！', 'photos/1397754144977616898', b'1', '2021-05-30 07:13:26'),
('1398900346490224642', '1349290158897311745', '有人点赞了你的照片哦！', 'photos/1397752557383221249', b'1', '2021-05-30 07:13:28'),
('1398900350982324225', '1349290158897311745', '有人点赞了你的照片哦！', 'photos/1397752261047255041', b'1', '2021-05-30 07:13:29'),
('1402262228911562754', '1397564909972676609', '您的专栏 养龟手记📝 已被停用！', 'sections/2', b'1', '2021-06-08 13:52:23');

INSERT INTO `sys_photo` (`id`, `photo`, `content`, `user_id`, `comments`, `view`, `good`, `create_time`) VALUES
('1397565514430603265', 'http://demo.nya.run/Fu2tNSe3DFDV6EYQ07Wvv9h6Aff0', '养“缘”乐趣无穷', '1397564909972676609', 0, 1, 0, '2021-05-26 14:49:19'),
('1397569512533450753', 'http://demo.nya.run/FmuaeqXZ5splXffKp6iDZcV7DqeC', '🐶🌟', '1397562876209192961', 0, 1, 0, '2021-05-26 15:05:12'),
('1397569722739384321', 'http://demo.nya.run/FngngZ8ZD-7_S6oNpf_lQfTjGjmS', '可愛い！！！', '1397562876209192961', 0, 1, 0, '2021-05-26 15:06:02'),
('1397723856352370689', 'http://demo.nya.run/FoXq00GT2eqvkczU5xubws8cX5Oe', '可爱！！！', '1397562876209192961', 0, 1, 0, '2021-05-27 01:18:30'),
('1397724106739736577', 'http://demo.nya.run/FtlG63EvjS0QYfixYGfWB-wsOMOB', '狗狗！', '1397562876209192961', 0, 1, 0, '2021-05-27 01:19:30'),
('1397741915846791169', 'http://demo.nya.run/FlxLmEJxqNmo2l9K_QQS4XghpcEE', '🐢', '1397564909972676609', 0, 1, 0, '2021-05-27 02:30:16'),
('1397742082016727041', 'http://demo.nya.run/FkM-Q3mJfM-VCyhINrmkG5oNR_XB', '！', '1397564909972676609', 0, 1, 0, '2021-05-27 02:30:56'),
('1397742969170743298', 'http://demo.nya.run/Fhy0PXwGISacn5Oomya1khP8PmC6', '🐢🐢🐢', '1397564909972676609', 0, 1, 0, '2021-05-27 02:34:27'),
('1397745746911481857', 'http://demo.nya.run/FnnJJaI3ANS18jetJ4jSQ5UtJHwu', '冲鸭！！！', '1397744556937105409', 0, 1, 0, '2021-05-27 02:45:30'),
('1397747456354582530', 'http://demo.nya.run/Fks1kB0Sma8zfveERmVJDGLceuCl', '人生第一只鸭鸭！', '1349290158897311745', 0, 1, 0, '2021-05-27 02:52:17'),
('1397748586061004802', 'http://demo.nya.run/FnqqCWvMQyCIUWXwm8y9xSdjumjZ', '小短腿！', '1397747715877142529', 0, 1, 0, '2021-05-27 02:56:46'),
('1397748713253273602', 'http://demo.nya.run/FmJXNTtadGGf5yybZHJzz-glPPon', 'Cute!!!', '1397747715877142529', 0, 1, 0, '2021-05-27 02:57:17'),
('1397748874918526977', 'http://demo.nya.run/FgKSQ03UQR3FbMPdfsKltuaGt7Sg', 'かわいい💕', '1397747715877142529', 0, 1, 0, '2021-05-27 02:57:55'),
('1397749029977751554', 'http://demo.nya.run/FhW_vESRGFqMLyzja4YdBTd4KWQ4', '是PP！', '1397747715877142529', 0, 1, 0, '2021-05-27 02:58:32'),
('1397749179831844865', 'http://demo.nya.run/FvnxnwR2XY0kW10FbuPuUAZd-k44', 'yyds', '1397747715877142529', 0, 1, 0, '2021-05-27 02:59:08'),
('1397750161047322625', 'http://demo.nya.run/FgoEkKkq0Y7re_OGd0ngoVe1e9m0', '今天出去运动啦～', '1397747715877142529', 0, 1, 0, '2021-05-27 03:03:02'),
('1397751386060914690', 'http://demo.nya.run/FiFES4qfQNHqlplHHt4UOeUcPpkT', '运动运动！', '1397747715877142529', 0, 1, 0, '2021-05-27 03:07:54'),
('1397751562360094722', 'http://demo.nya.run/FpgCjYf7FNVCysCab2ktZUS9DO8V', '今天去看鸭鸭啦～', '1349290158897311745', 0, 1, 0, '2021-05-27 03:08:36'),
('1397752091484127234', 'http://demo.nya.run/Ft0dRgWDYkdC_aQ5DkVUqowYuLFS', '爱你鸭！', '1349290158897311745', 0, 3, 1, '2021-05-27 03:10:42'),
('1397752261047255041', 'http://demo.nya.run/Fs1JHoEDczj0QAW_6kvPWQazUCwl', '看鸭鸭！', '1349290158897311745', 0, 1, 2, '2021-05-27 03:11:23'),
('1397752434964070401', 'http://demo.nya.run/Fr5Giaz6cdT39ERp9R5TbUZcIkIn', '说爱我', '1349290158897311745', 0, 1, 1, '2021-05-27 03:12:04'),
('1397752557383221249', 'http://demo.nya.run/FuGGQOGlPqK2ZJ7AS2sXbmJBGmRj', '看什么看鸭～', '1349290158897311745', 0, 3, 3, '2021-05-27 03:12:33'),
('1397754144977616898', 'http://demo.nya.run/FuPs8tlWLVWjMMFosuCvadEZtG5_', '柯基yyds！', '1397562876209192961', 0, 28, 10, '2021-05-27 03:18:52'),
('1397790548206047233', 'http://demo.nya.run/Fq7VQd30o90IBtzLG4Az_WyjpXXE', '猫猫！', '1397788502706900994', 0, 10, 1, '2021-05-27 05:43:31');

INSERT INTO `sys_post` (`id`, `title`, `content`, `user_id`, `comments`, `collects`, `view`, `top`, `essence`, `section_id`, `create_time`, `modify_time`) VALUES
('1397554541200203778', '求一家可靠的宠物医院', '坐标贵州贵阳南明区，家里有一只九个多月大的猫妹妹，要做绝育，但是不知道南明区有没有一家便宜又可靠可信的宠物医院，求推荐，大谢🙏🙏🙏\n\n![](http://tiebapic.baidu.com/forum/w%3D580/sign=bb9e13523f34349b74066e8df9eb1521/b887da58ccbf6c811eb9dea0ab3eb13532fa40f5.jpg)\n\n', '1349290158897311745', 0, 0, 2, b'0', b'0', 0, '2021-05-26 14:05:43', NULL),
('1397554891248427010', '柴犬公，自家小狗，已打两针疫苗三个月啦，送全套礼物', '柴犬公，自家小狗，已打两针疫苗。\n三个月啦，送全套礼物。\n\n![](http://tiebapic.baidu.com/forum/w%3D580/sign=9774db5eae389b5038ffe05ab534e5f1/f9c15ada81cb39db1758a616c7160924aa1830df.jpg)\n\n', '1349290158897311745', 0, 0, 1, b'0', b'0', 0, '2021-05-26 14:07:06', NULL),
('1397555217347174401', '狗身上老有这种结痂，用手扣了以后会有红色的创面', '狗身上老有这种结痂，用手扣了以后会有红色的创面，还会渗血，周围有很多皮屑，狗狗平时也不抓不挠的，这是什么情况，请高手指教\n\n![](https://imgsa.baidu.com/forum/w%3D580/sign=d4ad3d99721ed21b79c92eed9d6fddae/d6d65c2c11dfa9ecd92afa7c6dd0f703918fc15e.jpg)\n\n![](https://imgsa.baidu.com/forum/w%3D580/sign=f0fbe445dd1b0ef46ce89856edc551a1/73291adfa9ec8a13371efb8bf803918fa0ecc05e.jpg)\n\n![](https://imgsa.baidu.com/forum/w%3D580/sign=28274b4001f41bd5da53e8fc61db81a0/35daa2ec8a13632737e96e589e8fa0ec08fac75e.jpg)\n\n', '1349290158897311745', 0, 0, 1, b'0', b'0', 0, '2021-05-26 14:08:24', NULL),
('1397564299449786370', '接回来一只柯尔鸭', '第一次见这种颜色的鸭子，大家都说好看\n\n[https://www.bilibili.com/video/BV1Q4411G7vJ](https://www.bilibili.com/video/BV1Q4411G7vJ)\n\n', '1397562876209192961', 6, 0, 31, b'0', b'1', 0, '2021-05-26 14:44:29', '2021-05-27 03:13:11'),
('1397725576214142978', '刚买的狗狗一周内可能发生的7种问题及解决方法', '![](https://pic2.zhimg.com/80/v2-fa212f1a3d2a26c7118c7055a4481151_1440w.jpg)\n\n**副标题：呕吐、腹泻、咳嗽、感冒、乱叫？刚到家的幼犬怎么那么麻烦**\n\n一般来说，正规犬舍为了避免幼犬出问题和业内口碑，不会出售未满3个半月的幼犬，因为1个半月～3个半月是幼犬一生中最危险的时期，在此期间，母体抗体衰减、自身免疫力尚未健全，如果再落到一位从来没有养过狗的纯新手那里，它们身患疾病的概率会大大增加，所以正规犬舍会在这两个月里给狗狗做好驱虫和免疫，并且进行一些幼训，把客户的风险降到最低，但这也带来一个问题：售价高。\n\n搜索关注徽信共众号“新手养狗大全”，狗狗的健康和训练问题都可以私信咨询！\n\n所以很多人选择从宠物市场（狗市）、狗贩子、非正规宠物店甚至网上购买最危险的“一针狗”，也就是卖家声称的“打了一针疫苗的一两个月的幼犬”。\n\n然后，这些幼犬到了主人家里大概率就会出现这样那样的“毛病”，**新手养狗大全几乎每天都要回答这类咨询** ，大致总结如下。\n\n![](https://pic2.zhimg.com/80/v2-c93552b5b36c7d104872197b2b83f141_1440w.jpg)\n\n**★1、咳嗽（感冒）**\n\n如果幼犬发出“咳咳咳，呕～”这样的湿咳，而非“咳咳，咳咳，咳咳”短促的干咳，大概率是感冒了，一般来说，口服中成药“惠中感康”和消炎药“速诺”，冬天做好保暖措施（笼子旁边挂个小太阳，维持25℃左右），1周左右即可好转，2周左右逐渐痊愈。\n\n另外，犬冠状的前期也有类似的呼吸道症状，所以如果后面陆续出现腹泻等症状，就要怀疑犬冠状了。\n\n**★2、不吃东西**\n\n有可能是应激反应导致的，过几个小时适应了就好了，但如果你的狗狗不吃东西的同时还伴有呕吐腹泻，请第一时间测一下细小！\n\n**★3、软便**\n\n如果狗狗粪便比较软，可能是新环境的应激反应+暴力换食共同导致的，这种情况非常常见，所以新手养狗大全建议从卖家处购买少许狗狗平时吃的狗粮（他们那里喂的狗粮一定很便宜，别被不良商家忽悠了），等过了一周左右的适应期后，稳定下来再慢慢换成高质量的好狗粮。\n\n**★4、腹泻**\n\n如果你确定没有给狗狗吃乱七八糟的东西引发的肠炎，那么应激反应+寄生虫导致的腹泻是非常常见的，但如果腹泻的同时还不吃食物，那就要怀疑细小了。\n\n但如果是乱喂或者吃多了导致的腹泻，可以禁食的同时稍微喂点小儿蒙脱石散继续观察24～48小时，不严重的一般可以好转自愈，在此期间，一旦恶化，请立即就医。\n\n![](https://pic4.zhimg.com/80/v2-56a8f87b70f37a5b23bce0ea7a37ec3b_1440w.jpg)\n\n**★5、呕吐**\n\n虽然呕吐的诱因很多，但我们本次只关注刚到家一周内幼犬呕吐的情况。\n\n和腹泻一样，寄生虫会引起狗狗呕吐，但大多数情况是主人乱喂导致的生理性呕吐，所以，请大家务必管住自己的手！\n\n**★6、发抖**\n\n幼犬不由自主的发抖可以看做正常情况，当然，冬天请做好保暖措施。\n\n另一种非正常的情况是“癫痫”，发抖时整个身体是僵直的，必须去宠物医院做详细检查。\n\n**★7、呜呜叫**\n\n如果你买回家的狗狗是一两个月的幼犬，新手主人最常犯的错误是“一日喂三餐”，这种自以为是的喂食频率是会饿到幼犬的，最常见的情况就是幼犬凌晨四五点就开始呜呜叫，然后就来咨询新手养狗大全“如何让狗狗不叫”。\n\n每当遇到这种咨询，新手养狗大全只会问一句话：“晚上最后一顿是几点钟喂的？”\n\n很多新手主人的回答是“我们六点多吃晚饭的时候顺便给它喂了”，殊不知，一两个月的幼犬就好比一岁左右的婴儿，两顿之间间隔时间那么长是不可以的，果然，晚上11点睡觉前加了一顿就解决了凌晨呜呜叫的问题。\n\n![](https://pic2.zhimg.com/80/v2-48a754c6ac854209a4e22ecfc5fe0f5d_1440w.jpg)\n\n**★8、刚买回家狗狗就蔫巴了**\n\n有这样一种现象：狗狗在卖家那里活蹦乱跳的，怎么到了我家就蔫巴了呢，不吃不喝怪吓人的，难道买是病狗？\n\n这要分以下3种情况。\n\n**1、** 如果这种情况一直持续好几天，期间还伴随呕吐腹泻，那么狗狗可能是患上了某种传染病，最常见的就是犬冠状和犬细小。\n\n那么为何在卖家那里好好的呢？这个问题很难回答，据公开爆料，有些不良商家会在从网络渠道吸引来的买家来店里看狗的前一天，给生病的狗狗注射某种药物，使狗狗看上去很活泼，这种狗狗往往卖的很便宜，但是到家没多久药效过了就蔫巴了，坑一个算一个，所以建议此类买家去店里看狗时随身带着上述2种传染病的快速检测试纸，五分钟就可以出结果。\n\n当然，比较极端的情况是你买的狗狗刚好处在上述疾病的潜伏期，运输途中的各种应激加速了疾病的发生，到了家就开始出现症状了。\n\n**2、** 另一种情况相对比较普遍，那就是所谓的“晕车”。\n\n有些狗狗对晕车比较敏感，加之新环境应激，到新家后就呕吐、不吃东西，蔫蔫的，但是一般会在2～6小时内自然缓和。\n\n**3、** 第三种情况也比较常见，那就“感冒”，类似文章开头的那种情况，原因很多，比如有些新手主人骑电动车摩托车把狗狗拉回家，路上就吹感冒了。\n\n![](https://pic1.zhimg.com/80/v2-8a0ebd9886a51fc0b7959bc9dd301300_1440w.jpg)\n\n幼犬根本没有什么所谓的“行为学”问题，它们所有的“奇怪行为”大多数是在表达生理需求！\n\n如果经济条件允许，新手养狗大全还是建议去正规犬舍正规渠道购买至少3个半月以上的做好驱虫免疫的幼犬！\n\n**本来养狗就是“唯一能用钱买来的快乐”，不要最后变成一堆麻烦事儿！**\n\n欢迎大家留言讨论。部分图片来源网络，如有疑问请联系全全。搜索关注徽信共众号“新手养狗大全”，狗狗的健康和训练问题都可以私信咨询！\n\n', '1397562876209192961', 0, 0, 2, b'0', b'0', 1, '2021-05-27 01:25:21', NULL),
('1397726205066141698', '主人与狗狗之间4种常见的相处模式，大家对号入座吧！', '![](https://pic2.zhimg.com/80/v2-fa212f1a3d2a26c7118c7055a4481151_1440w.jpg)\n\n副标题：为何有些人养狗收获了爱与欢乐，而有些人却感到痛苦焦虑\n\n有些人养狗收获了爱与欢乐，有些人懂得了责任与义务，而有些人养狗却并不快乐，甚至感到焦虑，对此，新手养狗大全总结了常见的4种人狗相处模式，欢迎大家“对号入座”噢。搜索关注徽信共众号“新手养狗大全”，狗狗的健康和训练问题都可以私信咨询！\n\n## 1、父母与子女型\n\n主人正常外出上班时总担心狗狗自己在家会不会碰到磕到，即使在家里做别的事，也会经常记挂它们，时不时的过去看一眼；\n\n而狗狗则表现为出门时不愿意社交，甚至害怕、躲避其它的人类和同类，主人与狗狗之间的“依赖程度比较高”。\n\n![](https://pic4.zhimg.com/80/v2-5993458f6f785c550f878af866d7eb77_1440w.jpg)\n\n## 2、内心矛盾型\n\n主人对自己和狗狗之间的关系充满了矛盾，尤其是刚刚养了幼犬的新手主人，原本渴望着收获一只可爱暖心的萌物，却没想到还要面对幼犬的乱拉乱尿、乱咬乱叫，每天早上没有懒觉睡，累了一天晚上还要带它出门遛狗，由于没有喂养经验，偶尔还会呕吐腹泻，再染上个细小冠状，还得搭进去更多的时间精力金钱，于是内心越来越矛盾，典型的“期望越大，失望越大”。\n\n主人没有把幼犬的生理需求当做自己应该担负的责任，而把它当做了一种负担，这样的人狗关系，人和狗都很累。\n\n![](https://pic1.zhimg.com/80/v2-1ff2b7ccf4578d13425f5dcb57515328_1440w.jpg)\n\n## 3、轻松愉悦型\n\n大多数主人经历了最初的矛盾和彷徨后，会与狗狗之间建立深切的信任与配合，比如狗狗做出错误的行为（啃鞋子、抓沙发等），也并不会因为这一两次的不愉快而否定彼此间的感情，并且主人的内心会想“它是不是哪里舒服了”、“或者我最近有点忽视它了”，而不是任性的认为“狗狗不贴心”、“不知道感恩主人”。\n\n在这种相处模式中，主人和狗狗都能感到互相对彼此的爱与信任，这也是狗狗能够成为伴侣动物的原因之一。\n\n## 4、独立型\n\n另一些主人经历了最初的矛盾和彷徨后，与狗狗之间建立了类似“共存但互相不打扰”的独立关系，发生在边牧等高智商犬种的概率相对比较高。\n\n比如，主人白天上班，给狗狗留了足够的水和食物，狗狗就自己在家，要么休息要么到处转转，渴了就喝水，饿了就吃狗粮，有粪便了就去狗厕所排掉，晚上主人回家后，与主人互动一番，到了该出门的时间，就趴在门口等主人开门拿狗绳。\n\n有些狗狗真的非常独立，即使与主人生活多年，仍然保持一贯傲娇的姿态，如果主人有它认为的“越界”行为，甚至会龇牙咧嘴低吼以示警告。\n\n有些主人会认可狗狗的这种“傲娇” ，甚至在它们身上看到了自己的影子，享受着这种“互不打扰”。\n\n![](https://pic3.zhimg.com/80/v2-89250d643f72100de9dc4d56e8880f3e_1440w.jpg)\n\n聪明的读者可能已经发现了，以上4种关系并不是一成不变的，在不同阶段、不同环境，主人与狗狗之间会有不同的相处模式，正因为如此，狗狗才会既给我们提供幸福快乐，也让我们承担责任义务甚至痛苦。\n\n**而这，不就是兄弟姐妹、父母子女带给我们的感受吗？所以，把狗狗当成家庭成员，完全没毛病！对于那些不懂却胡乱比比的人，请忽视他们吧！**\n\n![](https://pic1.zhimg.com/80/v2-436183fda3a614eac531c268c9da209c_1440w.jpg)\n\n欢迎大家留言讨论，部分图片来源网络，如有疑问请联系全全。**搜索关注徽信共众号“新手养狗大全”** ，狗狗的健康和训练问题都可以私信咨询！\n\n', '1397562876209192961', 0, 0, 2, b'0', b'0', 1, '2021-05-27 01:27:50', NULL),
('1397726760631066625', '各年龄段狗狗体检参考指南', '![](https://pic3.zhimg.com/80/v2-103f30d3db54ad0d967c10fef8c122ba_1440w.jpg)\n\n全全曾经遇到一位人医主人带狗狗来宠物医院打疫苗，看到CT设备很惊讶的说了这么一句话：“不就看个狗子么，你们宠物医生咋还整上CT了？”\n\n其实和人医一样，体检的目的是检查狗狗目前所处的生理状态、及早的发现预测疾病从而及时介入预防和治疗，小到幼犬腹泻用快速检测试纸条测出细小，大到B超CT检查体内器官等，都是体检的一部分。那么不同年龄段、不同性别的狗狗该何时体检，又该如何给它们选择体检项目呢，这就是新手养狗大全本期讨论的主题。\n\n搜索关注 微信公众号 “新手养狗大全”，内容更成体系，免费问诊有惊喜噢\n\n## 刚买回家2～3个月没打全疫苗的幼犬，如果没有症状则不建议去宠物医院做全面检查\n\n这个观点似乎与大家之前的认识有所不同甚至相反，不去宠物医院做深入的体检我怎么知道我买的狗狗是否健康呢？\n\n**这句话有2个关键词：“宠物医院”和“没有症状”** 。试想一下，如果在你的狗狗进门前不久，宠物医院刚刚过一个犬细小病例，而你的狗狗疫苗还没打全，没有形成足够强的免疫力，舟车劳顿后十分疲惫，到新环境十分紧张，就很容易感染疾病了，相信带狗狗去治疗骨折却染上犬瘟的例子大家应该听过吧…\n\n既然宠物医院“那么危险”，该如何给狗狗做体检呢？新手养狗大全的建议是**主人亲自学着做** ：\n\n* 1、观察狗狗精神状态是否正常；\n* 2、观察狗狗食欲是否正常；\n* 3、观察狗狗是否呕吐；\n* 4、观察狗狗是否腹泻（屁股附近的毛发是否有污物）\n* 5、观察狗狗粪便是否有长条状的寄生虫；\n* 6、用犬瘟热、犬细小和犬冠状快速检测试纸条检测上述3种烈性传染病（两道杠）；\n* 7、测量狗狗肛温是否正常（38～39.2℃都是可以接受的）。\n\n如果上述检查发现异常，再带去宠物医院确诊治疗也不迟。\n\n## 6个月～2岁的狗狗如何选择体检项目\n\n安全度过幼犬时期后，狗狗就开始进入“青春期”了，此时的它们比较好奇躁动，开始换牙和发情，主要检查体内外寄生虫、内外科生理指标，建议体检项目如下：\n\n* 1、皮肤检查和镜检；\n* 2、耳道耳镜检查和镜检；\n* 3、粪便检查和镜检；\n* 4、牙齿检查；\n* 5、血常规检查；\n\n此阶段需要注意的是，小型犬补钙到1岁，大型犬最好补钙到1岁半。母犬如果准备生育，可以检查一下腹部B超，如果不准备生育，可以考虑早点做绝育，**上述检查在绝育手术时同期进行即可** ，公犬同理。\n\n## 2～7岁的狗狗如何选择体检项目\n\n度过青春期后，狗狗们进入了壮年时期，此时会暴露一些骨骼疾病和内科病，比如肾脏膀胱结石、毒狗粮造成的肝肾损伤、内脏器官的病变等，建议的体检项目如下：\n\n* 1、皮肤、耳道、粪便的检查和镜检；\n* 2、牙齿检查；\n* 3、血液生化检查；\n* 4、尿液检查；\n* 5、胸腹部X光和B超检查；\n\n如果狗狗没有异常，只需要在**4～5岁左右体检一次** ，掌握狗狗健康状况即可。\n\n## 7岁以上的狗狗该如何选择体检项目\n\n此时的狗狗逐渐步入老年，和我们人类一样，青光眼、糖尿病、心脏病、胰腺炎、高血脂高血脂等有可能缠上狗狗，牙齿松动老化、生殖系统疾病风险也大大增加，建议的体检项目如下：\n\n* 1、皮肤、耳道、粪便检查；\n* 2、常规的胸腹部X光和B超检查；\n* 3、牙齿检查；\n* 4、眼部检查；\n* 5、尿液检查；\n* 6、血液生化全项目检查；\n\n上述检查可以**每年做一次** ，除了常规的体检项目，建议根据狗狗表现出的异常**随时及时做针对性检查** ，同时定期监测狗狗的血糖值，如果经济条件允许，可以去高端一点的宠物医院做CT甚至核磁共振。\n\n最后我们回到文章开头人医朋友的那句话，大家仔细品味一下，是不是有一种“被坑钱”的吐槽在里面呢，也就是说，质疑给狗狗体检用CT等设备动辄几百块的检查费。\n\n不可否认，**无论在人医还是兽医，过度体检过度医疗都确实存在** ，黑医院往往在体检的项目、名称和体检频率上大下文章赚足噱头套路满满，但完全不体检又不能够确定狗狗的健康状况，所以我们自己心里一定要有个数，新手养狗大全整理的狗狗各年龄段体检参考指南，**大家就收藏备用吧！**\n\n搜索关注 微信公众号 “新手养狗大全”，内容更成体系，免费问诊有惊喜噢\n\n', '1397562876209192961', 0, 0, 1, b'0', b'0', 1, '2021-05-27 01:30:03', NULL),
('1397727329156390913', '打疫苗一个月里，狗狗患病感冒需要重新免疫吗？', '![](https://pic3.zhimg.com/80/v2-103f30d3db54ad0d967c10fef8c122ba_1440w.jpg)\n\n如果你养的是一只尚未免疫的幼犬，那么“打疫苗”一定是接下来面临的头等大事，但是在打疫苗的一个多月期间，狗狗很有可能患上感冒拉肚子等疾病，也会用到一些药物辅助治疗，此时新手主人就会存在一个疑惑：狗狗之前打的疫苗还有效吗，是不是需要重新再打呢？\n\n搜索关注 微信公众号 “新手养狗大全”，内容更成体系，免费问诊有惊喜噢\n\n## 弄清这个问题之前，我们首先要搞清楚，为何狗狗常见的疫苗要间隔21天打3针。\n\n目前市面上常见的核心疫苗主要针对的是犬细小、犬瘟热等常见的烈性传染病，比如卫佳五、卫佳捌、英特威等，以及狂犬病疫苗，为了安全起见，这些疫苗基本上是被灭活过的，所以要想让幼犬形成足够的免疫力，必须每隔21天注射一针，连续注射3次。\n\n**附新手养狗大全推荐的驱虫和免疫程序：**\n\n* 28天左右，第一次体内驱虫；\n* 42天左右，注射第一次疫苗（二联）；\n* 10天后，进行第二次体内驱虫；\n* 10天后，注射第二次疫苗（四联）；\n* 20天后，注射第三次疫苗（四联或六联或八联）；\n* 4～5个月左右，注射一针狂犬疫苗，以后每年注射一次狂犬病疫苗。\n\n大家可以看到，完成幼犬基本的免疫程序需要大概一个半月，在此期间，很多新手主人照顾不周，狗狗就会感冒拉肚子，用一些药物辅助治疗是很常见的事情。\n\n## 哪些药物不会对狗狗注射的疫苗产生影响？\n\n**1、大多数对症治疗的药物。**\n\n所谓的对症治疗指的是止泻、利尿、退热、止吐等，药物吃下去后相应的症状会得到缓解，常见的比如蒙脱石散、退烧针等。\n\n**2、营养保健品类。**\n\n各式各样的补钙产品、益生菌制品等。但前提是正规大品牌的产品，因为不排除某些厂家会偷偷加一些其它药物使得其产品“见效快”。\n\n**3、抗生素类。**\n\n由于狗狗绝大多数的疫苗都是灭活苗，而抗生素主要针对的是细菌，所以抗生素类药物对疫苗并不会造成损伤，比如最常见的头孢、阿莫西林克拉维酸钾等。\n\n## 哪些药物会对狗狗注射的疫苗产生影响呢？\n\n这应该是大家最关心的问题了，我们仔细来看：\n\n**1、免疫抑制剂类。**\n\n给狗狗注射疫苗的目的就是让其产生针对某些烈性传染病的免疫力，而抑制免疫系统的药物自然就会失之失效了，比如可的松、环孢菌素、藤霉素等，当然，这些一般在幼犬身上用不到；\n\n**2、糖皮质激素。**\n\n最常见的就是“地塞米松”，但如果只是偶尔使用了一两次而非大剂量使用，其影响可以忽略不计。\n\n**3、某些生物制剂。**\n\n比如治疗冠状、细小时用到的干扰素，由于剂量大持续时间长，会影响到之前注射疫苗的效果。\n\n## 抗病毒药物一定会对疫苗产生影响吗？\n\n**答案是几乎不会** 。这个答案可能会出乎很多人的意料，也是全全把这部分内容单独拿出来讨论的主要原因，我们慢慢来看。\n\n全全之前已经说过，狗狗使用的绝大多数疫苗为灭活苗，灭活苗并不是像活病毒感染细胞那样使机体产生免疫力，而是通过一段具有免疫原性的蛋白或者多肽，刺激机体产生特异性免疫应答的，也就是说，整个过程并没有病毒的复制，因此，从理论上来说，绝大多数的抗病毒药是影响不到此类灭活苗的。\n\n既然答案是“几乎不会”，那么肯定存在一些个例。比如某些单抗、免疫球蛋白等能够把灭活苗起到免疫原性的那部分给中和掉，如果大剂量长时间使用此类药物，必定会使这些疫苗失效，此时大家可能又会有一个疑问：为什么被猫狗严重抓伤咬伤后，医生会给患者同时注射狂犬病疫苗和针对狂犬病毒的免疫球蛋白呢？\n\n**这就是一个典型的“应急治疗”和“长期免疫”的应用例子了：**\n\n* 第一时间注射免疫球蛋白的目的是尽量中和已经进入体内的狂犬病毒；\n* 注射疫苗的目的是让机体形成长期的免疫力；\n* 免疫球蛋白在体内第一时间中和掉部分狂犬病毒后，会被逐渐代谢掉；\n* 而疫苗则在注射部位缓慢释放，通过5次注射和长达一个多月的时间来慢慢建立免疫力。\n\n最后总结一下吧，只要不是大剂量长时间使用，幼犬在打疫苗期间使用的绝大多数药物对疫苗并没有太大影响，但无论是否使用过药物，打完最后一针疫苗的半个月后做一次抗体检测是十分必要的，这样做能够暴露出各种原因导致的免疫失败，从而查漏补缺有针对性的补打疫苗形成有效的免疫力。\n\n搜索关注 微信公众号 “新手养狗大全”，内容更成体系，免费问诊有惊喜噢\n\n', '1397562876209192961', 0, 0, 3, b'0', b'0', 1, '2021-05-27 01:32:18', NULL),
('1397734042756509697', '跟踪一下俩个养了8年的乌龟(爬爬和挑食)养病记录', '养了8年的俩个巴西龟(爬爬和挑食)，比我家的俩个娃娃岁数都打，今年五一过后相继就不太好，特此开贴记录一下过程，因为发现贴吧百度各种各样的解答，想自己记录分享给大家，自从五一我爸喂过了鱼肠子之后,俩个乌龟相继出现了拉白便的症状,但是小乌龟状态倒是还好，大乌龟带去宠物医院看了下（拍了个CT 抽血 化验便）说是卡了半个蛋 ,还伴有炎症，打了一针催产素 ，回家没有半个小时蛋就下来了（下图）PS：今年4月份的时候爬爬已经下过了一个蛋 但是很小 还没有我的指甲盖大。\n\n![](https://pic3.zhimg.com/80/v2-57a0aba21618e58b0e003226bc367f76_1440w.jpg)\n\n上图中右边的就是那半个蛋（孩子说像鸡腿），左边俩边就是最近一直拉出来的东西，大夫说没办法判断是肠炎引起的还是子宫卡蛋引起的，因此只能先打催产素催产..\n\n20200519\n\n目前大乌龟不吃东西，每天给灌一次 宠物医院开的活力多，然后隔一天打一针消炎药0.05ml 具体是什么药 咱也不知道 都是抽好在针管里面，目前的状态是恒温30度加温，大乌龟泡在水里，还是喜欢闭着眼睛睡觉,前天带着去医院的时候状态倒是超好，是不是乌龟也怕打针啊 哈哈目前就是还是不爱吃食物 最爱吃的虾也是不理（上一张美女照片）\n\n![](https://pic4.zhimg.com/80/v2-0dfdff1bdf4a60e2e674755fb4851e8f_1440w.jpg)\n\n最近几天观察小乌龟也是不太爱吃龟粮 只爱吃虾，早上排出的和大乌龟类似的半边白半边黄的便，有点透明。个人感觉可能还是有肠炎，晒太阳观察一下，因为和爬爬分开缸了，是不是太想念它的老婆了..\n\n![](https://pic2.zhimg.com/80/v2-9089f4c5c9f801f052492545cc1d6e8d_1440w.jpg)\n\n\n\n', '1397564909972676609', 0, 0, 2, b'0', b'0', 2, '2021-05-27 01:58:59', NULL),
('1397736948616458241', '将乌龟放上跑步机，速度简直就是开挂', '[https://www.bilibili.com/video/BV1Ux411k7ew](https://www.bilibili.com/video/BV1Ux411k7ew)\n\nhttp://www.365yg.com/item/6388801141093696002/ 今日头条\n\n', '1397564909972676609', 0, 0, 3, b'0', b'0', 0, '2021-05-27 02:10:32', NULL),
('1397737284496322562', '晒一晒养了七年的乌龟', '晒一晒养了七年的乌龟，从硬币一样大小开始养到它生蛋是怎样一种体验\n\n[https://www.bilibili.com/video/BV19541167az](https://www.bilibili.com/video/BV19541167az)\n\n自从在诸暨服务区买了第一只龟就一发不可收拾。陆陆续续买了几十只龟，有些已经送人。有些龟已经开始产蛋。我自己也开始培育龟苗了。如果有小伙伴喜欢小乌龟请留言，我会送给你今年夏天孵化的小乌龟。我们一起做龟友吧\n\n', '1397564909972676609', 0, 0, 4, b'0', b'0', 0, '2021-05-27 02:11:52', NULL),
('1397745563519733761', '手掌上可爱的柯尔鸭，也叫“小叫鸭”，可吸~可盘~', '这种鸭子叫柯尔鸭（Call duck），国内一般称为“小叫鸭”，价格确实不便宜，要5000到10000，寿命一般是4到12年。 因为长不大，体型小，显得十分可爱，通常被人当宠物来养。\n\n[https://www.bilibili.com/video/BV1xb411t7nu](https://www.bilibili.com/video/BV1xb411t7nu)\n\n', '1397744556937105409', 0, 0, 2, b'0', b'0', 0, '2021-05-27 02:44:46', NULL),
('1397746878610198529', '宠圈删帖准则，请遵守', '欢迎大家来到宠圈，在这里，你们可以随心所欲的畅聊与爱宠的生活、情感等日常，但不欢迎扰乱本吧秩序，投机取巧等行为。特制定本吧吧规，请仔细阅读。\n\n------发帖规---------------------------------------------------------------------\n1确保您发贴的内容不涉及政治等敏感话题\n2不违反TOS的规定\n3 不得有谩骂现象，请勿有掐架，辱骂吧务的帖子\n4限水，过量发布者视情况将被警告，警告无用者将会面临封禁等处罚。\n5欢迎发布有营养、知识宣传贴\n------回帖规---------------------------------------------------------------------\n1 禁止回复挖坟，发现则作封号处\n2严禁在贴内刷屏，发H，血腥，暴力，病毒，恶心图等等，发现则作封号处理** **\n3严禁插楼小广告\n-----违规处罚--------------------------------------------------------------------\n☆ 违反规定的宠友将进行酌情的处罚。情节较轻者，将进行警告处理。警告不听以及明显违反者，将进行天数不等的封禁处理。情节极为严重者，将进行长期封禁。部分明确的影响恶劣或威胁到安全的，在讨论并批准后将进行永久性封禁。\n严禁发表\n① 禁止发布各种违法帖子。** **\n② 禁止发表危害国家安全、损害国家利益、破坏民族团结、破坏国家宗教政策、破坏社会稳定、侮辱、诽谤、教唆、淫秽、迷信、传播暴力等内容。（直接封ID）\n③ 禁止发表、传播造谣、诽谤、侮辱他人、煽动颠覆国家政权的言论.以及泄露国家机密** **\n④ 严禁发表、传播任何形式的恶意广告，及宣传某网站。** **\n⑤ 严禁发布广告贴，透露个人联系方式，带有商家店铺等信息\n------声明-----------------------------------------------------------------------\n本帖即日起生效，并长期有效。\n\n', '1349290158897311745', 3, 0, 30, b'1', b'1', 0, '2021-05-27 02:49:59', '2021-05-27 02:50:14'),
('1397765640176566274', '疫苗全部接种前最好呆在家，那该如对幼犬何进行幼训呢', '![](https://pic2.zhimg.com/80/v2-fa212f1a3d2a26c7118c7055a4481151_1440w.jpg)\n\n幼犬到家，但凡阅读过相关知识的主人都知道，在打全疫苗以前尽量不要带幼犬出门，但是幼年正值幼犬社交和训练的最佳时期，这似乎是两个矛盾的事情，其实这两者并不矛盾，负责任的主人就是处理好健康与训练之间的桥梁，所以新手养狗大全今天讨论的主题就是幼犬需要掌握的基本技能，同时给大家制订了幼训参考计划。\n\n搜索关注 微信公众号 “新手养狗大全”，内容更成体系，免费问诊有惊喜噢\n\n## 你觉得幼犬在来到你身边之前，它们在狗贩子那里是如何生活的？\n\n这个问题必须摆在最前面，才能够解释“**为什么我家狗狗总是学不会** ”这个世纪难题。\n\n对于幼犬以前的生活，是很多人尤其是养狗新手从来没有想过的问题，但幼犬在卖家那里是如何生活的，很大程度上会影响到它们的行为。很遗憾，绝大多数**几百块** 甚至一千多购买的幼犬，它们的“童年”都是非常凄惨的，特别是网购的狗狗，在来到你身边之前，它们的生活很可能惨绝人寰，吃喝拉撒睡全部和同窝异窝的幼犬挤在拥挤发臭的狗笼子里，只有在发货的前一天，卖家才会把它打理一番。\n\n所以这种环境下生活的幼犬，每天吃在笼子里拉在笼子里睡在笼子里，是不可能短时间自己学会定点排便的，更不可能配合你佩戴牵引绳，甚至会撕咬你抚摸它的手，因为在拥挤的笼子里，它们一直是这么干的，所以“总是学不会”不是你的错，原因就在于它们原本就是“问题少年”。\n\n而在野外自然种群中，这些技能都是由狗妈妈教授的，狗妈妈也会纠正它们的错误行为；正规犬舍和有序的繁殖者也会对出栏的幼犬进行简单的幼犬，让它们正确实行与人类的相处和生活，但是这部分幼犬的售价就比较高，**三五千** 也只是没考虑过血统的。\n\n搞清楚以上问题，就意味着你需要更多的耐心去担待幼犬们凄惨的童年。好了，既然选择幼犬的可爱萌萌哒，就要接受它们的屎尿臭屁、承担起训练它们的责任，我们具体来看吧。\n\n## 必备技能之一：笼内生活\n\n让狗狗适应笼内生活能够避免诸如咬电线啃拖鞋等大多数问题，特别是上班族白天不在家时。狗狗的祖先原本就是生活在洞穴中的，所以这对它们不仅不是虐待，反而可以使它们获得安全感。但现实却是童年阴影会使它们讨厌笼子，你的怜爱与互动又让它想和你在外面玩，所以我们必须进行诱导训练。\n\n**★训练时间段** ：\n\n幼犬刚到家的前几天可能会不适应，乱叫乱闹，所以我们最好从第二周再开始，每天训练3～5次，一般持续训练约2周可以明显见效。\n\n**★训练方法：**\n\n1、笼子门打开，拿几颗狗粮，让狗狗看见狗粮，将狗粮丢到笼内，让它敢于进笼子捡食狗粮，慢慢过渡到笼子深处；\n\n2、故意将狗粮扔到狗狗笼子里狗狗不易捡到或者两个相反的地方，延长狗狗在笼内的滞留时间；\n3、狗狗适应后，把狗粮换成难啃的骨头，继续强化狗狗“笼子里＝有好处”这个正面体验；\n4、当狗狗能够接受在笼子里啃骨头后，把门虚掩，但狗狗可以自由出入，当狗狗完全适应在笼子里时就大功告成啦。\n\n## 必备技能之二：规律生活\n\n这里所谓的规律生活，并不是中老年人提倡的那种健康养生的概念，而是让狗狗适应你自己的作息规律，如果你喜欢早睡早起，那就训练它早睡早起，如果你是夜猫子，那就把它变成“夜狗子”。\n\n**★训练时间段：**\n\n狗狗适应新环境后，第二周开始。\n\n**★训练方法：**\n\n1、适应牵引绳。一只手拿项圈，另一只手拿食物，在项圈的对面，当狗头穿过项圈时给狗奖励，反复多次即可；\n\n2、定时定量进食。固定时间点喂食，规定时间内进食，超时立即拿走，让狗狗学会定时定量进食，此举还有助于巩固主人在狗狗心目中的领袖地位，对以后的其它训练有很大好处。\n\n## 必备技能之三：定点排便\n\n由于吃喝拉撒睡全部挤在狭小的空间里，幼犬们一时半会儿很难改变它们随时随地随处大小便的习惯，所以**大家在网络上搜的训练狗狗定点排便的方法有时对它们就很难起作用，此时就要使用新手养狗大全独特的“空间限制法了”。**\n\n**★训练时间段：**\n\n狗狗3个月甚至更晚一些，如果狗狗年龄过小，可以暂时只培养它们的分区概念即可，切不可操之过急。\n\n**★训练方法：**\n\n1、用围栏缩小狗狗的活动范围。将这块范围分为三个区域：放食盆水盆的进食区、放狗窝或航空箱的休息区、放狗厕所的排泄区。三个区域应该紧挨着，可以呈T型排布，但彼此之间不要有大于狗狗体长的空余地块。出于本能，狗狗会避开进食区和休息区，去狗厕所排便。当狗狗在正确的地点排泄之后，我们立刻把它从这个缩小的范围里释放出来，互动玩耍或者奖励小零食；如果在错误的地点排泄，则要彻底打扫并且无互动无奖励。\n\n2、扩大狗狗的活动范围。坚持一段时间以后，狗狗就能够养成在狗厕所上排便的习惯，接下来我们把这个范围扩大，在三个区域之间增加越来越多的空白区域，观察狗狗是否还继续在狗厕所上排便；但如果狗狗没能坚持下来，就要恢复到之前的大小，直到狗狗养成在狗厕所排便的意识。此时我们可以继续扩大范围（围栏不够可以用家具搭边），直到狗狗的活动范围扩到整个房子，也仍能坚持一直在尿垫上排便为止。\n\n以上就是幼训时的主要科目和训练方法，除了掌握上述技能以外，还要及时纠正幼犬不良行为的苗头，比如咬手、仆人、乱叫等，这些大多数与狗狗精力得不到释放有关，如果主人实在没条件带它们出门运动，在不互动时，给狗狗佩戴嘴套和牵引绳也算是一种“偷懒”的解决方式了。\n\n搜索关注 微信公众号 “新手养狗大全”，内容更成体系，免费问诊有惊喜噢\n\n', '1397562876209192961', 0, 0, 9, b'0', b'0', 1, '2021-05-27 04:04:33', '2021-05-27 04:05:38'),
('1397766896173481985', '从一枚蛋孵化出身价上万的小鸭几', '从一枚蛋孵化出身价上万的小鸭几，Up主记录下全过程，太震撼了\n\n[https://www.bilibili.com/video/BV16J411X7wJ](https://www.bilibili.com/video/BV16J411X7wJ)\n\n【萌主萌宠】致力于国内宠物文化推广，承蒙厚爱，心中有萌，万物皆萌，萌主VX：BOAA11（可添加）拥有独家松鼠养殖场与柯尔鸭舍，正规宠物养殖基地，一个家里面养了上百种宠物的男人，独家原创饲养培训教程，每晚8：30不定期直播！\n\n\n\n', '1397747715877142529', 0, 0, 1, b'0', b'0', 0, '2021-05-27 04:09:32', NULL),
('1397767857344380929', '干净顺滑的柯尔鸭，手感特别好', '[https://www.bilibili.com/video/BV1Hz4y1o7WD](https://www.bilibili.com/video/BV1Hz4y1o7WD)\n\n', '1397747715877142529', 11, 0, 13, b'0', b'1', 0, '2021-05-27 04:13:21', '2021-05-27 04:24:11'),
('1397779069159374849', '26天，我们成功孵化一颗800块的蛋', 'VLOG  每次看到小动物都好心动 总是会幻想什么时候能够拥有一只～ 没想到第一次一起拥有的，竟然是一只小鸭子哈哈哈 来自八月底的礼物 你好，小“柠檬”\n\n[https://www.bilibili.com/video/BV1Tf4y1X71L](https://www.bilibili.com/video/BV1Tf4y1X71L)\n\n', '1397744556937105409', 1, 0, 2, b'0', b'0', 0, '2021-05-27 04:57:54', NULL),
('1397780351878201346', '王思聪同款超萌柯尔鸭随便撸是什么体验', '王思聪同款超萌柯尔鸭随便撸是什么体验，尝试100元抓娃娃能抓几个！\n\n希望以后能有一只小鸭鸭~但是希望它不要给我表演脱口秀...\n\n[https://www.bilibili.com/video/BV1nJ411t7j5](https://www.bilibili.com/video/BV1nJ411t7j5)\n\n', '1397744556937105409', 0, 0, 5, b'0', b'0', 0, '2021-05-27 05:03:00', NULL),
('1397780884441563137', '新的蛋到啦，从头再来！希望这次能顺利', '新的蛋到啦，从头再来！希望这次能顺利\n\n![](http://demo.nya.run/FtGFYTv4Lsx3cvoQU22p-eED3NYm?imageView2/0/format/webp/q/80)\n\n![](http://demo.nya.run/FntYvjWcaUIqPVMnAMCMTJi9hkeO?imageView2/0/format/webp/q/80)\n\n![](http://demo.nya.run/FjZ2vNbLRJRWSyba6Bhf_Yz7Zfc-?imageView2/0/format/webp/q/80)\n\n没有气泡，但是有个蛋气室比较大，这种没问题吧？\n\n![](http://demo.nya.run/FsyRDy93BlOmw8x2kNDYAPhl95wp?imageView2/0/format/webp/q/80)\n\n![](http://demo.nya.run/FmJPGqY32i8jIqEvlstAa09FGV8Q?imageView2/0/format/webp/q/80)\n\n', '1397744556937105409', 4, 0, 16, b'0', b'0', 0, '2021-05-27 05:05:07', '2021-05-27 05:07:29'),
('1397788176088059905', '孵化第21天正常吗求给点建议', '孵化第21天正常吗求吧友给点建议\n\n![](http://demo.nya.run/Fl4NUfhI3VZOV0f5fWxKMbJC89zf?imageView2/0/format/webp/q/80)\n\n', '1397747715877142529', 0, 0, 2, b'0', b'0', 0, '2021-05-27 05:34:05', NULL),
('1397790436859858946', '活泼可爱的英短妹妹 你爱了吗！', '自家的宝 非常干净健康\n两只都是妹妹 宝爸妈都很健康粘人性格很好\n小猫两个月啦会吃猫粮用猫砂 非常省心\n\n![](http://demo.nya.run/Fq7VQd30o90IBtzLG4Az_WyjpXXE?imageView2/0/format/webp/q/80)\n\n![](http://demo.nya.run/FvMdCTOWA5X_fI-GA0l09XydUO62?imageView2/0/format/webp/q/80)\n\n![](http://demo.nya.run/Fmo-n382ZEG_rAM-1_cHlPlrYf8F?imageView2/0/format/webp/q/80)\n\n![](http://demo.nya.run/FvdxBz2HnTrLcvrYh0KvVTsp70NG?imageView2/0/format/webp/q/80)\n\n', '1397788502706900994', 1, 0, 15, b'0', b'0', 0, '2021-05-27 05:43:04', NULL),
('1402857084671754241', '123', '![](http://demo.nya.run/FgyOEg4R4hMUW3B_mexyxWMSH8cw?imageView2/0/format/webp/q/80)\n\n蛇\n\n🐍\n', '1349290158897311745', 0, 0, 1, b'0', b'0', 0, '2021-06-10 05:16:07', NULL);

INSERT INTO `sys_post_tag` (`id`, `tag_id`, `post_id`) VALUES
(2, '1384720738450702338', '1397554541200203778'),
(3, '1384720738488451074', '1397554891248427010'),
(4, '1384720738488451074', '1397555217347174401'),
(5, '1397563954061434882', '1397564299449786370'),
(6, '1397565339259691009', '1397566847665627137'),
(7, '1384720738488451074', '1397725576214142978'),
(8, '1384720738488451074', '1397726205066141698'),
(9, '1384720738488451074', '1397726760631066625'),
(10, '1384720738488451074', '1397727329156390913'),
(11, '1397565339259691009', '1397734042756509697'),
(12, '1397565339259691009', '1397736948616458241'),
(13, '1397565339259691009', '1397737284496322562'),
(14, '1397565339259691009', '1397737444710346753'),
(15, '1397565339259691009', '1397737889247850497'),
(16, '1397565339259691009', '1397738316353826817'),
(17, '1397565339259691009', '1397738738959360002'),
(18, '1397565339259691009', '1397739491388137473'),
(19, '1397563954061434882', '1397745563519733761'),
(20, '1384720738412953602', '1397746878610198529'),
(21, '1384720738488451074', '1397765640176566274'),
(22, '1397563954061434882', '1397766896173481985'),
(23, '1397563954061434882', '1397767857344380929'),
(24, '1397563954061434882', '1397779069159374849'),
(25, '1397563954061434882', '1397780351878201346'),
(26, '1397563954061434882', '1397780884441563137'),
(27, '1397563954061434882', '1397788176088059905'),
(28, '1384720738450702338', '1397790436859858946'),
(29, '1402855969980940290', '1402857084671754241');

INSERT INTO `sys_role` (`id`, `name`, `remark`) VALUES
(1, 'superadmin', '系统管理员'),
(2, 'admin', '管理员'),
(10000, 'user', '用户'),
(10001, 'guest', '游客');

INSERT INTO `sys_section` (`id`, `title`, `user_id`, `description`, `thumbnail`, `state`) VALUES
(1, '狗狗指南🧭', '1397562876209192961', '提供优质实用的养狗指南！', 'http://demo.nya.run/FmuaeqXZ5splXffKp6iDZcV7DqeC?imageView2/1/w/178/h/178/format/webp/q/80', b'1'),
(2, '养龟手记📝', '1397564909972676609', '养龟要用心，一起分享吧！', 'http://demo.nya.run/FkGRby5Jd5XBP1oOIIPMvHWCuNlc?imageView2/1/w/178/h/178/format/webp/q/80', b'0');

INSERT INTO `sys_sensitive_word` (`id`, `word`) VALUES
(1, 'fuck'),
(2, 'cmm'),
(3, 'nmd'),
(4, 'tmd'),
(5, 'tm'),
(6, '傻逼'),
(7, 'sb'),
(8, 'nt'),
(9, '脑瘫'),
(10, 'gcd'),
(11, '共产党'),
(12, '习近平'),
(13, 'xjp'),
(14, '江泽民'),
(15, '操你妈'),
(16, '213'),
(17, '2b'),
(18, '2B'),
(19, 'fxxk');

INSERT INTO `sys_tag` (`id`, `name`, `post_count`) VALUES
('1384720738412953602', '站务', 1),
('1384720738450702338', '猫猫', 2),
('1384720738488451074', '狗狗', 7),
('1397563954061434882', '鸭鸭', 8),
('1397565339259691009', '龟龟', 3),
('1402855969980940290', '蛇蛇', 1);

INSERT INTO `sys_user` (`id`, `username`, `alias`, `password`, `avatar`, `email`, `mobile`, `score`, `token`, `bio`, `active`, `status`, `role_id`, `create_time`, `modify_time`) VALUES
('1349290158897311745', 'admin', '灰桜', '$2a$10$8qx711TBg/2hxfL7N.sxf.0ROMhR/iuPhQx33IFqGd7PLgt5nGJTO', 'http://demo.nya.run/FvFpeDqW_iJuuLc0aeX_OAA_4TdV', 'i@nya.run', '17681511263', 15, '', 'ADMIN', b'1', b'1', 1, '2021-03-13 17:40:17', NULL),
('1397562876209192961', 'hhbilly', 'HHBilly', '$2a$10$f8k7ytsSACDPDTn6bdFCMOhbJxbxqAuDDUew0T6QFFvwsoGSkHdoi', 'http://demo.nya.run/FiVcm0iXzEoIzFKc-A20d2QZZpmK', 'hhbilly99@163.com', '13300001234', 11, NULL, '这里什么都没有哦', b'1', b'1', 10000, '2021-05-26 14:38:50', NULL),
('1397564909972676609', 'kimika', 'Kimika', '$2a$10$tzMuP/g5eG4oeCjJUZM15.yUYm92GJY1CzoEExn5GsVZEe3Bv9GZW', 'http://demo.nya.run/FuVw-NJrlDefXRSpcxjdFvT4QRhJ', 'hhbilly_temp@163.com', '19977778888', 13, NULL, '这里什么都没有哦', b'1', b'1', 10000, '2021-05-26 14:46:55', NULL),
('1397744556937105409', 'duck', '冲鸭', '$2a$10$mlE5/yBgFmpczpHIaSx0ye1lu7BfMYyj0SnDra0lJgG33Oz.ZYioa', 'http://demo.nya.run/FjPITzrTYGvOgJ_1TVrF8p1hXZmi', 'hhbilly99@gmail.com', '13088887777', 5, NULL, '这里什么都没有哦', b'1', b'1', 10000, '2021-05-27 02:40:46', NULL),
('1397747715877142529', 'subadmin', 'Lecture', '$2a$10$HiWUhDeEfNI0cndN6bVVMuEjoRBcQh7ciHxkM9TerGgQpIpv.Kaw.', 'http://demo.nya.run/FmUGnW3pSr_KptXwHeawqy4KUiqT', 'hhbilly99@icloud.com', '13000000000', 10, NULL, '这里什么都没有哦', b'1', b'1', 2, '2021-05-27 02:53:19', NULL),
('1397788502706900994', 'user123', '柯柯', '$2a$10$rYl5KsBXtlhsib7kf759uOthV0yu8o3PONiC3VWidq4r7NCVZKhtq', 'http://demo.nya.run/FjEQati1X5Rym39Ld-Hm4QeeG2kx', '1583440748@qq.com', '13000000000', 2, NULL, '这里什么都没有哦', b'1', b'1', 10000, '2021-05-27 05:35:23', NULL);



/*!40101 SET SQL_MODE=@OLD_SQL_MODE */;
/*!40014 SET FOREIGN_KEY_CHECKS=@OLD_FOREIGN_KEY_CHECKS */;
/*!40014 SET UNIQUE_CHECKS=@OLD_UNIQUE_CHECKS */;
/*!40101 SET CHARACTER_SET_CLIENT=@OLD_CHARACTER_SET_CLIENT */;
/*!40101 SET CHARACTER_SET_RESULTS=@OLD_CHARACTER_SET_RESULTS */;
/*!40101 SET COLLATION_CONNECTION=@OLD_COLLATION_CONNECTION */;
/*!40111 SET SQL_NOTES=@OLD_SQL_NOTES */;